hand-side,label,id,x0,y0,z0,x1,y1,z1,x2,y2,z2,x3,y3,z3,x4,y4,z4,x5,y5,z5,x6,y6,z6,x7,y7,z7,x8,y8,z8,x9,y9,z9,x10,y10,z10,x11,y11,z11,x12,y12,z12,x13,y13,z13,x14,y14,z14,x15,y15,z15,x16,y16,z16,x17,y17,z17,x18,y18,z18,x19,y19,z19,x20,y20,z20
Right,rock,0,0.3652159816440543,1.0,0.8897033167966385,0.7267227404229848,0.8873791862170851,1.0,0.9132008180367119,0.7115941624262176,0.9003948892770001,0.8342465582601756,0.5313559598910926,0.7423271331905464,0.7067575319233839,0.435910310738717,0.5220647662177884,0.8473588387869114,0.3330861981575105,0.5748226782425544,0.9006459497206704,0.13067208538830613,0.41098982629403313,0.9478164904229849,0.043289905805723644,0.26714494358252744,1.0,0.0,0.12358165356458659,0.5913264415403032,0.25882189530047095,0.39401069228210683,0.4730995610534717,0.2959916463199948,0.35408195720757507,0.4319021847565842,0.42433182697690347,0.40717743966421294,0.45079870810055866,0.5217253539700332,0.3671817652860808,0.3135082053072626,0.28804973659296235,0.2537063697274426,0.22720782621707902,0.3588829855097382,0.16028234754103096,0.2266535315243416,0.4725209959949135,0.30426578850710145,0.2641778481644054,0.5588898118432506,0.3182300597046705,0.04539355546687949,0.348700432194522,0.11916030238863952,0.0,0.4234845585233071,0.0,0.01927686053471668,0.5356372026415356,0.14136843367268745,0.056491295889864325,0.6035095750278848,0.2735371892847673
Right,rock,1,0.338198441990985,1.0,0.9352101565077747,0.6672492139614626,0.907478313824137,1.0,0.8467393554541182,0.7455266098979616,0.8838308617262951,0.7831219883772664,0.5873330934330765,0.7175403423359092,0.6653168573098439,0.5087838095007422,0.4898057935943919,0.7862781518458324,0.38857492327228565,0.5864911244034534,0.8758322172291413,0.1723738707099087,0.38968378935035186,0.9389091649405653,0.059992249376317,0.21960348706696942,1.0,0.0,0.06413311011157515,0.5527918235979692,0.3169292305775945,0.42105557371288505,0.45427423108903936,0.35054461971772505,0.32147757952467915,0.4075379637455809,0.46765273745800306,0.35099800238003215,0.42013631149200353,0.5609930832603829,0.312449736444413,0.2988318935493943,0.345033545668128,0.2893155949310093,0.22231251451126074,0.40766325616157284,0.15503494113261562,0.2169386300912365,0.5161662785587992,0.29566932298455123,0.25015869457556206,0.5982173565529101,0.3223513458504009,0.05278038615108181,0.4029666896186624,0.1603884385548881,0.0,0.4755483393250729,0.0,0.01238847059603967,0.5821713164641932,0.12285667989474207,0.04733215832628977,0.6400608631565107,0.24984909848419065
Right,rock,2,0.403096476331989,1.0,0.8048431705360942,0.7972126406283168,0.856049205346759,1.0,1.0,0.6450234414512884,0.9334881777525503,0.9149968159626406,0.4257898480313698,0.7925264169892201,0.7786596529399278,0.31861728653132954,0.6066937419589339,0.90189184886436,0.16795735631094533,0.6702571565093242,0.8240195818297601,0.0,0.44705083590274525,0.7840002122691573,0.0665180520875868,0.18663976374544528,0.7907689450222882,0.16084210302546628,0.0,0.6225953884525578,0.08668620342378938,0.44189707584887805,0.47159241668435575,0.15045465697889163,0.520321971090327,0.4382164084058586,0.3067413326861432,0.5088784126662923,0.47800692528125666,0.42908839194212844,0.39769946201251805,0.3313594512842284,0.12729465368389073,0.25488092391494105,0.22584045319465082,0.22485812452446138,0.23998122056761997,0.22683546486945447,0.3617862270733926,0.3041338507379101,0.2778052695818298,0.469128853135964,0.2593078495300857,0.05096184461897686,0.20269857916372522,0.08300143278878079,0.0,0.3016617610716902,0.024747976370633105,0.01621139354701762,0.4384304280932485,0.19828153928532663,0.058236706644024624,0.5194024179283478,0.36941253934359536
Right,rock,3,0.4010634137685136,1.0,0.9042034488043571,0.7878417235452821,0.854683547833523,1.0,1.0,0.6316021113464539,0.8932389227994829,0.9188144711028153,0.3979497678006885,0.7555954368334044,0.7741389338915489,0.2862731110060266,0.5815796594541587,0.9146626881759299,0.16536308954632542,0.6421461313072829,0.8639960828516314,0.0,0.4194768450057963,0.832094327035882,0.0770941217614383,0.1844684329362787,0.8566264545535207,0.17850335140812587,0.0,0.6357906428789726,0.07063738914327343,0.45417598588487934,0.5318797382871677,0.09565775087924358,0.5272619632497936,0.4918512140859604,0.2578136201133286,0.5140426786404196,0.5279560175220093,0.39025727242201835,0.4055800110890216,0.34806295041455393,0.10051389419797997,0.30654151917390976,0.26246274272682163,0.17720717151378615,0.2601138981268271,0.24558351380038973,0.33228912387022863,0.33023627090186836,0.28912892741773827,0.45518872802181526,0.28486618772440825,0.06682155614634099,0.17415912711184026,0.17658010309310154,0.0,0.26169983606043107,0.03677468678482071,0.008379805654232788,0.4132673702164444,0.17857821216774664,0.05102217197990161,0.5037801374025047,0.336296981300896
Right,rock,4,0.4073061166719357,1.0,1.0,0.7845480652342711,0.8706754482734638,0.980300648669406,1.0,0.6360679737324598,0.8692923652278177,0.9246490992522318,0.383493577049326,0.7499076237345886,0.7966283633362126,0.2655207622918989,0.596762120763276,0.9240717053161248,0.15960269282859058,0.689749807491408,0.8871899235829377,0.0,0.43309565227702823,0.8831911564148929,0.056506075189771195,0.1891143675559277,0.9315546778168292,0.13187962835951522,0.0,0.65058076702783,0.060791986815997776,0.5598371300764533,0.5221433550754448,0.09193687366812404,0.48596920704967883,0.47973300986926953,0.2587193801355108,0.423713807786243,0.5137059960343023,0.390021580496023,0.3282090959836099,0.36133418344063295,0.08949844183795501,0.45318478709599197,0.2586989389973055,0.18267856073354366,0.258441263145723,0.2428652496154014,0.34358487394633275,0.28587280828330813,0.2849687096138405,0.4643187653715149,0.2710672169615679,0.0765202392117283,0.16729328029335563,0.3580122692255325,0.0,0.261483837812043,0.10162440591548927,0.005980293207651495,0.42070689165509073,0.1760024981094932,0.04525035615880251,0.5107726184657175,0.3019495731842231
Right,rock,5,0.43885657239032927,1.0,1.0,0.8018936349061259,0.8198986428339209,0.9373610167792669,1.0,0.5736886996321818,0.8175781542188613,0.9068341001243462,0.33747907516366954,0.6963151282216129,0.7520588702929135,0.23505988997329016,0.5594009195049635,0.8987246754678185,0.08112270591760108,0.8141034675202353,0.7564303075335554,0.04609188441458268,0.517786304295966,0.6898623323495857,0.22578500806395063,0.20859814412302033,0.6974795664922779,0.38732461704202814,0.0,0.6264603393897471,0.0,0.6962413625007842,0.48924243835107945,0.05735719157779322,0.6129871596284083,0.4505671593005954,0.2292841889195581,0.49012349224490565,0.47923583146940724,0.36599906929897813,0.3620083359110324,0.34944196237688113,0.03782368952833857,0.582149734416314,0.23948140729746867,0.14554787054331267,0.38255125068541207,0.23196299132743844,0.3161262438564171,0.33780849209295005,0.27687078320369785,0.44348413664730896,0.2968231584892474,0.08109297966562717,0.12302847562647015,0.47330915078869,0.0,0.23586207775815798,0.22851614141034646,0.008723870986541092,0.4070995913840034,0.2702371117972247,0.0501229842834764,0.5055305314557822,0.37107172051117426
Right,rock,6,0.4397233925808835,1.0,1.0,0.8068548352484957,0.8068092859726145,0.9851901772241324,1.0,0.5403724338520184,0.8757160276616837,0.9205001277655295,0.30683624518231295,0.7502022949547887,0.7756001513377744,0.19643344915620217,0.6222166630467536,0.9135988083140695,0.07603616196482789,0.960411320606899,0.7163691083418675,0.052601487436245285,0.6374978952225453,0.6630681026587776,0.2349329809306828,0.24794770178441283,0.6834597452744912,0.3900956950211426,0.0,0.6507993103962845,0.0,0.8183006099894169,0.4802465247445845,0.06667495789530976,0.7713041057647068,0.45087431899652225,0.22991729626594598,0.6199692074074624,0.49126275261754265,0.3660826691448793,0.47088763424606134,0.3737745899122677,0.031057518236888033,0.6779781078766629,0.23987103274825305,0.12373514255063627,0.5475690310528001,0.23482445940654728,0.2900264149388611,0.523995722899348,0.2931099714557941,0.41859819230869005,0.4805119534310046,0.1048080116580268,0.10310931247402633,0.5352129082154903,0.0,0.20323276530787163,0.3435197183663678,0.00621858272042195,0.373531295318813,0.41902286867154465,0.052921340673083336,0.4734543344050891,0.5475228052505766
Right,rock,7,0.43849020098668084,1.0,0.966809727856377,0.8090281037162197,0.8133290586506512,0.9401300566038975,1.0,0.5510405777141899,0.8107326489348375,0.8944546137238336,0.32769622297125445,0.6581743351121185,0.7319045495791483,0.23421446844167937,0.5026345046249119,0.8977902677388737,0.07259960681754121,1.0,0.741744631141984,0.06507337893787728,0.686765815789371,0.6973994023592728,0.2471689996477974,0.2771544548923282,0.7253140742826747,0.38621970407846523,0.0,0.6197752067753476,0.0,0.8341685517811058,0.5016525079007478,0.06160436180737525,0.800153274285683,0.47958908288744956,0.23368692910431976,0.6343622364146312,0.5149736120237387,0.36778335106239285,0.4747268255951188,0.33764223953607225,0.0371155780072673,0.6674174863517257,0.24909780239264892,0.11653777207140487,0.5283143413551868,0.2461956465054184,0.29242703264474584,0.5261876091404916,0.29457403756896855,0.42573494894591524,0.5069027909324466,0.06934275165055227,0.12038880923413012,0.5005168935659976,0.0,0.19581036923166317,0.323114404130505,0.006998550225810153,0.3670014715034463,0.45539697168040494,0.04584976063080822,0.4750109458041254,0.6307085657149669
Right,rock,8,0.4381460399775094,1.0,0.9388182236965429,0.8097403709677522,0.8220627073504544,0.9799187438754715,1.0,0.5687254561867906,0.8716813898678242,0.9070835877748367,0.34788943734583333,0.7256412927581662,0.7390859718306989,0.25648482190252436,0.5653099184173931,0.8798987285672168,0.06847014873522381,1.0,0.7115820923274027,0.06675133963773881,0.7241679909971226,0.6751660210909984,0.2497606729505229,0.2981424868216394,0.6996961984369916,0.38940639564746904,0.0,0.6075388125440563,0.0,0.7930728801735767,0.4791022603320231,0.07334486617265959,0.8568599256379817,0.4656174443608865,0.23813628844865795,0.6820771029083921,0.5021965279639437,0.36766268996781937,0.4857289128246605,0.3296632202710972,0.04372010622609098,0.6016873428832183,0.23519946409684464,0.14128570356594145,0.5670885535543105,0.24494582067493487,0.303910107522209,0.5447410612649827,0.2972530505917795,0.4262590977755533,0.4740025344944279,0.06451532793821832,0.13014287869068333,0.4104983772190556,0.0,0.22647173186881264,0.30944346025976577,0.018381554641299567,0.39146932028086096,0.45701499224018877,0.05951479623772552,0.4930791594586421,0.6341100482280435
Right,rock,9,0.4242603442747031,1.0,0.9799984830654392,0.8121127104330114,0.8097716354347538,0.9663669467510906,1.0,0.5416452795232806,0.8548965116435128,0.8931707209411923,0.30839742792866853,0.7213072435137173,0.7323263534119132,0.20292831764720035,0.5811749185355275,0.8767236130278595,0.05716808490161246,1.0,0.7364665300023239,0.05764653869134743,0.722932709582265,0.7046823332991456,0.2422088975863272,0.2994613399591751,0.7220122634393455,0.38241791347029125,0.0,0.5880491835841803,0.0,0.8257243167962931,0.49045123900204735,0.06765772684073128,0.8696352539174936,0.4836379286394022,0.23642384238744682,0.707115183498558,0.5148898354704988,0.3664063784481756,0.5217520995545241,0.3025340892715029,0.0504381523914168,0.6617159732294506,0.23886183442669134,0.13713879119865582,0.5936167505013057,0.25547122583761006,0.3023527194421164,0.5836549815436468,0.3044899299844078,0.4272837960308135,0.5314799737418271,0.03455080577002222,0.14167971616587333,0.49736802664561386,0.0,0.22205519086020428,0.36557360368228725,0.023399332949911523,0.38604879877772474,0.5183764959531474,0.06021366894426146,0.48924769720617073,0.7047487489353769
Right,rock,10,0.43704316006731325,1.0,1.0,0.8108127421404541,0.8250323076124125,0.9441505822602074,1.0,0.562121995941325,0.8007870705886934,0.8943691440475776,0.33281759331756733,0.6609167488288931,0.720666643490711,0.24209212513182704,0.5182025581376909,0.879009279395159,0.06068463176312678,0.821317202325626,0.7357612722054626,0.05575634767185453,0.5823390983587707,0.7046681525029388,0.23989675545684064,0.24217151758248906,0.7221672866234822,0.377120218273625,0.0,0.5899497468026837,0.0,0.6771806135092633,0.48544549980879836,0.07561254633920296,0.7526997479923576,0.4787502237123503,0.24455164823751238,0.6532788047315924,0.5039766077353615,0.3710074881755137,0.503792403976086,0.3044123157028688,0.054139219344220384,0.5516547426382592,0.23235762559758558,0.15043263238630916,0.541372930481082,0.25406641456377055,0.3113932021188201,0.5633334516503287,0.29908699610000167,0.4333147410597296,0.517483013204841,0.0363682247346675,0.15277505912243136,0.42141953718608716,0.0,0.23741351347032694,0.35162782436070616,0.03179934257538945,0.39679390639481,0.5150004713627573,0.06722765355036328,0.49528019238758747,0.6864299105984815
Right,rock,11,0.4414564353001852,1.0,0.8489494006678537,0.8271834819766035,0.8096088052245124,0.9759693915591588,1.0,0.555409935089691,0.9133652791095648,0.8969677540724929,0.3427039030355843,0.8003233329865033,0.7291723455690484,0.26032326423100344,0.6632960673070826,0.876260716328748,0.06518089230632121,1.0,0.7739118583160247,0.06607309960340842,0.7849155013086517,0.7347002371381659,0.2381542399651435,0.33632015118368846,0.7337589790645264,0.36723861346430925,0.0,0.5878409421027104,0.0,0.7400701583720055,0.49910289339276503,0.08069252516450381,0.9882809340342923,0.49180318428054226,0.2489500967960747,0.8544181682190347,0.5146858015282806,0.37341722326472615,0.6300481759513755,0.30373137479987866,0.05601200172301964,0.511661639023434,0.2378279526133189,0.15567952824910508,0.6014512102708186,0.26116936118587,0.31797089681191854,0.6134651215993614,0.30585896357951936,0.43735239217511424,0.5199442118945127,0.039242335241444534,0.15971104762564922,0.2941157262726291,0.0,0.2437629659703621,0.2639854453145973,0.03483550699320835,0.40154873719494383,0.5042592544283565,0.07355826265899328,0.4987666546187324,0.7459766566842085
Right,rock,12,0.4323885591492502,1.0,0.8779976210687565,0.8216279717020822,0.8095100742562318,1.0,1.0,0.5546602356550014,0.9087359491440836,0.8972187522249335,0.35348397874793147,0.7777007801144752,0.7245296086058809,0.27982530145982454,0.6156780351408906,0.8788393452384805,0.055586346618993566,0.9263769267322463,0.790689260124661,0.077294210415955,0.7426406755192515,0.753602935941333,0.2528260781821744,0.33056197909387597,0.7504061514961262,0.3740028863750693,0.0,0.5775318934103133,0.0,0.6716864137440895,0.508497142376326,0.09478793707859859,0.8879980928256458,0.506104246629428,0.2687599612918596,0.7542341298873252,0.52277555194532,0.39323267116686533,0.5303225783315595,0.2857300047249497,0.06039853042950088,0.46003629205919894,0.23702612961896194,0.17148237805016112,0.5436496154164944,0.27028006653764747,0.33747035608142095,0.5514662307816033,0.3085152654709739,0.46317853686773175,0.4576999320689592,0.019900452430112816,0.16654074051468437,0.2601747418869584,0.0,0.2563963922280512,0.23481591037546476,0.04041450106473181,0.41854456604453405,0.4556070653003787,0.07486779849707766,0.5223890955663822,0.6716002035921936
Right,rock,13,0.44755617933601266,1.0,0.8578639800886347,0.8292290229929994,0.8079616101589484,1.0,1.0,0.5520183445442768,0.9279535945634908,0.8957391798416396,0.3554340391322965,0.8067973496364383,0.722834274216669,0.2851133693435865,0.6522166284311123,0.8816734952382441,0.06364781432819028,0.9682158038673703,0.7933790222111019,0.06050686821216637,0.7695516884699797,0.752748369743694,0.2305516403717873,0.33838533760926015,0.7560525382999463,0.3636617541033652,0.0,0.585428818657117,0.0,0.7041838663685728,0.5184918760848828,0.07537196466391902,0.955464341954788,0.5149394550695628,0.24759164153093705,0.8316123621851693,0.5374281305873093,0.38264033331551306,0.6109799626320787,0.2962414186748401,0.05694647975709817,0.481352099398126,0.24392530793730224,0.15801959262880677,0.56894554134544,0.2755875959779192,0.3259831413658082,0.5710113129297532,0.31881675449982017,0.460503220887479,0.4667190113705603,0.032710682283766244,0.16383507697104174,0.27390343717968396,0.0,0.2654912621592062,0.19049769442356257,0.036843662199425566,0.4321859915751796,0.38982970194638067,0.07443794600737069,0.5432395338019562,0.6107667049139971
Right,rock,14,0.4253366186479987,1.0,0.9464079976934329,0.8082512278808733,0.8153609881636785,1.0,1.0,0.5612448855205586,0.8738494964701692,0.8858690896410607,0.34624984635970707,0.7327870863076521,0.705877708657506,0.25983798393524427,0.5670320458486665,0.840996253030637,0.05937066401750676,0.8861548283466848,0.7397839982367203,0.05138263592255769,0.7159396960223239,0.7136302178768928,0.2204541163560704,0.3252202328139895,0.7408505192792924,0.3431238207711539,0.0,0.550138660894338,0.0,0.6497127206805964,0.49467890874040643,0.06896896909580945,0.9270895619003069,0.49096944196803066,0.2259466459532097,0.8316713696109053,0.5224979357126643,0.34928210385196806,0.6108329942433913,0.2658071774694962,0.06096066681787828,0.4605869036559302,0.23552482243839212,0.1403272506560599,0.5181767566087732,0.2570901279364693,0.29864175645384267,0.5612283794810694,0.3012741011714625,0.4219609950062153,0.4827798178500845,0.004350300514180256,0.1705357832993952,0.2870681352995699,0.0,0.2443710631654842,0.18825292530641008,0.03392076426332082,0.40484857086017023,0.43453319364616433,0.06734609956608845,0.5102654524120576,0.6839178161038176
Right,rock,15,0.4759216836969684,1.0,0.8871740058760375,0.8418814309084344,0.7858943095920371,1.0,1.0,0.5100361886479194,0.9052858936378104,0.8556235632048659,0.3142982076292494,0.8252014169760954,0.6686739494543961,0.25779098586377824,0.7007242406736547,0.8087242839305537,0.02488630558504482,0.6741328508247484,0.7727074985997656,0.03256953368826877,0.6005805819016613,0.759040673026947,0.19153118788962412,0.29219923824946936,0.7708638286341714,0.3064510979318492,0.0,0.503707175184283,0.0,0.4708583216244077,0.5075787476357387,0.05887265427319386,0.8616333447985448,0.5121348044143188,0.22063027314596786,0.8446808376594178,0.524395680352543,0.3418742167607219,0.6346706059003022,0.23443924394739019,0.08907201610778968,0.3403570010793231,0.25516338533307426,0.15954858478141137,0.5819962437723792,0.2828621396119418,0.3070861702891899,0.6854145896535356,0.30787607471771744,0.42150470741772494,0.5855798298405462,0.0,0.22712916364013697,0.2295321616601824,0.035488965884037056,0.28609111716860497,0.2995104492785183,0.08173939704864881,0.42867334232645016,0.5942684290604424,0.10800934072325384,0.5248461458640975,0.8124616384324743
Right,rock,16,0.49271417879179635,1.0,0.6775163031177416,0.8350965653324548,0.7695158271176156,0.8137815473798432,1.0,0.5172324517968554,0.7638512477245313,0.9122893844385316,0.32639738510527905,0.7030614707833722,0.7379962111581035,0.2541391137730035,0.6187309559139982,0.7896283138937333,0.033942684430271125,0.688444353608549,0.7585841620678911,0.0,0.5931273666632307,0.7498368792548372,0.14794934656253855,0.2659980176839619,0.7659921000139664,0.26627765198607206,0.0,0.4975601720377738,0.01503611300333523,0.5199192245960655,0.4943901504435237,0.048657712008751006,0.875597087794185,0.49593863365336754,0.19904798431729276,0.8145288576639403,0.518090824771434,0.32453644267532333,0.60755187911065,0.23252674213313948,0.1018491294005486,0.4016447297322244,0.2544755247259536,0.14472730376190346,0.6813346311323016,0.2698622336977736,0.2863795770935472,0.7803662449432842,0.300260348587779,0.4073252231075345,0.6970517150837537,0.0,0.24085283827546422,0.2947815763518513,0.02721090384291705,0.25907872941761767,0.4508219542650902,0.0642319716660519,0.39624621475671146,0.7619198051530626,0.09550531619640382,0.5005175355834987,1.0
Right,rock,17,0.504381456273351,1.0,0.0,0.8693442516504787,0.7159280860752281,0.2463306394349345,1.0,0.4461797773004405,0.38209149276841775,0.8866628777460251,0.262120928001571,0.5122594831206803,0.688559478150355,0.2117526370021861,0.625447043135837,0.7463920744924172,0.028202959365794235,0.39867228215408895,0.75923768278563,0.0,0.5243156344436483,0.7527160213706797,0.14220268519643753,0.33566264277653485,0.7633707191337331,0.25819161433438953,0.13873550423742076,0.46320503289284093,0.005706317403879094,0.294796449305344,0.5087975673086674,0.027593723936138393,0.7710899695402429,0.513033473581763,0.17525055511246712,0.6884867995527814,0.5286981555641321,0.31123453203287993,0.46649238532091164,0.20939793370069812,0.09145291785140289,0.2519546567407502,0.27797204710421164,0.11034270364787427,0.6375451508569104,0.2927626995111125,0.24813051105221745,0.7184187014182934,0.3144901409026143,0.3810986250487241,0.6119524633816558,0.0,0.24545266514344397,0.23968695288871567,0.04649209907905882,0.23638254190404984,0.4528578436010127,0.08255566831526057,0.3651962658240922,0.763145437926249,0.11313503027367047,0.47664637759773454,1.0
Right,rock,18,0.5270449080530921,1.0,0.0,0.8914538273062013,0.7409631883843496,0.14481328802593244,1.0,0.43201052495136616,0.2343891390728215,0.8256035370396001,0.2686397277030931,0.30560275469824805,0.596441971774862,0.2681070778408736,0.3585254045434349,0.7046459386250017,0.0,0.4605825967031888,0.6745546381059134,0.025756113534711716,0.5418608120505417,0.6968079038903481,0.1978316689993057,0.32705112437678163,0.7219919726113652,0.29584527859686904,0.10780271113967127,0.4367428695709043,0.024897051638698615,0.30266211138897336,0.46024708782827045,0.10224778241856623,0.6702250018704665,0.5071323302392855,0.27471902063795184,0.5490097455301173,0.5343491016716375,0.37996092501601886,0.34396596025364096,0.20114555307308452,0.1431447962732352,0.18955324898742687,0.2397691859607391,0.20616278514478892,0.42650472352003727,0.30324000492776415,0.36970361052642076,0.5499204276979626,0.34074804676509013,0.4692941785830674,0.5300403263920037,0.0,0.31112314602425417,0.0869652334409035,0.04314227093881512,0.3308353891518902,0.28639897706756823,0.11432032596247295,0.4713762360494278,0.6861431462929302,0.15163216978276772,0.5556564004309479,1.0
Right,rock,19,0.5322048637256332,1.0,0.152349183761883,0.8905773714504603,0.7620870678014253,0.21202840974202256,1.0,0.43917527876732865,0.3461531691340079,0.8520609707217278,0.2493610573826713,0.5151430961565197,0.6386642169639596,0.2332822004843669,0.6508015127331266,0.6563094904355791,0.0,0.44709373207020037,0.5652434141071058,0.027582439947241782,0.5415293225996489,0.6049290613360148,0.1803170620306682,0.2814276823021681,0.66185607455993,0.26667463655479,0.0,0.3986180649356567,0.054187827417217366,0.2955121681328199,0.3787161611644892,0.10111642960173406,0.6033241839859165,0.4342128939932085,0.2608225238455739,0.3688848010400351,0.4775074506642077,0.3717685983966399,0.07783185170535356,0.17929167139694066,0.18710515700592406,0.22326388555944043,0.19754859825570664,0.2182321916163404,0.23095273077886103,0.2650181372219661,0.36748003124475176,0.28707654239833974,0.3160772938353525,0.47391021371682274,0.27095183656000527,0.0,0.3585246324477689,0.18145512992991683,0.03126305652156117,0.3473545813689826,0.14762879915554347,0.10269598587018892,0.4854820727220028,0.5885251658912763,0.15177962560943306,0.5798551398715366,1.0
Right,rock,20,0.5905737354945311,1.0,0.5723130634680395,0.9414267984211351,0.7020439023509021,0.474894238244938,1.0,0.3471321182985262,0.4281385762093094,0.7880039761794023,0.1774315838914906,0.4304072947300815,0.5370719036829403,0.20547254482526303,0.4019246019673461,0.7102512636971339,0.0,0.4661379677517493,0.5302860345403642,0.022181770652350635,0.41351536355339213,0.576702705974135,0.1793334629767184,0.1954074299428726,0.6658525281818762,0.26056088829097074,0.0,0.44706980615710884,0.07884257148716903,0.4275036676469594,0.3704794380288895,0.11015968452026104,0.516524131257817,0.41859319854449945,0.2562683107998253,0.36457844032045433,0.4708846004296197,0.3651161530344522,0.18219639657911638,0.21676644422944114,0.22695748228295626,0.43910535611668866,0.18121711216291392,0.23077027298433758,0.40982385153635537,0.2471449191374775,0.3671346580336924,0.46841452016360746,0.3120977496781168,0.4742155778216298,0.46960768853733564,0.024463120438606746,0.3985766325236998,0.46208194740222425,0.0,0.35994688871815633,0.44615779332724875,0.0655646779966224,0.4822720640820876,0.7428799310414765,0.12467594054965125,0.5685271555072404,1.0
Right,rock,21,0.8305699066052543,1.0,0.0,1.0,0.5980514009924662,0.06782529039972578,0.9296664811664673,0.274046762286282,0.12983192676326621,0.6381206856403112,0.22671307909222319,0.19078505473582202,0.4150711676119283,0.3322369868098385,0.24467441505708867,0.47981336838103056,0.05265031388784594,0.17442089902315194,0.3566879399873965,0.0,0.3403566385383063,0.4409273957482302,0.1374049068798994,0.30019719064544836,0.5387274423206206,0.2263043269940694,0.2359495675110522,0.24029511634546188,0.21122163613549264,0.1556530385900063,0.21368767818215068,0.2087598499387585,0.6131207249352782,0.32153696782163566,0.3257383277973065,0.6146762855458446,0.42415738836769035,0.3989268295698734,0.48534571020478623,0.09147330573195615,0.4133456252230719,0.18416717112623876,0.10329532552653771,0.4075783923035713,0.5688749182452684,0.23122731404920624,0.4893616262388886,0.576774477367089,0.3359579638129895,0.564844513697951,0.45548006680685094,0.0,0.608662786176998,0.22714510819508033,0.029493216086682532,0.5694009463360095,0.557287376249069,0.14325483122770874,0.6444432185316169,0.8251971792323498,0.22213911988706853,0.7088282130732665,1.0
Right,rock,22,0.8972736079099443,1.0,0.0,1.0,0.5483800495910279,0.35176194708624986,0.9319791562280789,0.23206545539041762,0.587568084740361,0.8007823095166516,0.019732144896364285,0.7960283580829439,0.6626027992116779,0.0,1.0,0.3145705982563383,0.11117416738411796,0.34456930625401955,0.24460500384140027,0.07071487939370649,0.6658482339801339,0.36967164378528244,0.1670415287621011,0.8267002240232777,0.4689641580652704,0.24657932131590002,0.9037828967491606,0.11830744563583526,0.32673129189890737,0.28637613293628145,0.18809700370778634,0.2998608789945156,0.722129401929189,0.34338310451949094,0.40228462310719465,0.8417540971216665,0.44779035975548653,0.48501693582261624,0.8313887163191146,0.036233757557537494,0.5816196425751984,0.2906353967427759,0.1180876507332064,0.5495096009381979,0.6735128230492771,0.2556288205230985,0.6075015118610338,0.7222872276632679,0.36835354243912216,0.6825384767391863,0.651595082304152,0.0,0.8252243959258696,0.3283265599242375,0.07147075525269733,0.7791575681926285,0.6152255156723897,0.20282459832314528,0.8279045357817042,0.7332274994277804,0.30493035374286,0.8890929528905095,0.7816432133407513
Right,rock,23,0.9601181899708282,1.0,0.49316696592157616,1.0,0.6240207024090244,0.9303245881885643,0.9222449415485613,0.3315919951505653,0.9994871082877481,0.841935872131086,0.1206444578695104,1.0,0.7876358318485376,0.0,0.9902330261461579,0.29569199365219395,0.22434933161291912,0.5924285464143657,0.2827681833266428,0.265727071599934,0.7006555964767537,0.42905088332879954,0.357732991848888,0.532976339064653,0.5354531647542312,0.42175906884289494,0.352635850913251,0.11895457394769669,0.42025254395313033,0.3260220150773536,0.196723546923603,0.4401430213988486,0.805852484541463,0.3357219933669462,0.5172793932873074,0.8438069828607834,0.43554687907652084,0.5893726813127527,0.6586786873476713,0.03349678261407997,0.642938010726605,0.15670136828892867,0.13345176912742712,0.6439526174946844,0.6437932364675728,0.25476207206749657,0.6952667753208084,0.7978485599605905,0.35625078704029023,0.7639223803257368,0.6915382588119369,0.0,0.8610362076764254,0.0,0.08859099438061929,0.8372949016317609,0.37133025020609994,0.21945918417751595,0.8769297990992442,0.6825606233847029,0.30801608797318947,0.9267961011693825,0.8641575923097963
Right,rock,24,1.0,1.0,0.3068882563147949,0.9907610143069695,0.6338616249332392,0.5970573311655009,0.8768698665890182,0.3172288569884671,0.5925367759284424,0.7975696972064301,0.12767921226774012,0.5245428749856257,0.7734271743646377,0.0,0.45939771652933054,0.21912034686145074,0.3184802908004114,0.473863724116744,0.21303535728362882,0.30254874175766605,0.534228837263439,0.3814950410317779,0.37373998195643565,0.2913504399177746,0.5058800970132559,0.43506494780590965,0.09416534324806097,0.06424074343686859,0.5155193097139754,0.2675231823838714,0.15547475063118985,0.48550844354832695,0.8270703876833095,0.31403993451960327,0.5429170376689818,0.8284971196759331,0.42475400463760293,0.6061892015663918,0.6059276632820166,0.010213734548721463,0.7217751445388394,0.13409033647008725,0.11294232114512573,0.6783991693210746,0.687621237595049,0.2552819314586433,0.7103929439381983,0.8234251108747797,0.3746366441651782,0.7687276540187743,0.6974709834175369,0.0,0.9171326351099194,0.0,0.08997730912499867,0.8721190828155652,0.42632985208488794,0.23235598041269695,0.8986303294343589,0.7794985250737463,0.3289999325310446,0.944366330661855,1.0
Right,rock,25,1.0,1.0,0.43798761422222926,0.974649218751333,0.49219995448076814,0.714260607566427,0.8088296371122551,0.13333733502404765,0.7231916164928348,0.5694100663937657,0.0,0.7070277066832716,0.3955130031789151,0.03248922669828002,0.6852328720966641,0.20968690331354545,0.12567459751745114,0.3510367305404302,0.1824441300983365,0.09744867206394701,0.4127089075392843,0.3456768973242852,0.18855966645907896,0.21198655340519418,0.46060346489798637,0.27392973531316983,0.035053176750550974,0.052312690577067784,0.37896561297148046,0.16266056629005912,0.1416970253340591,0.3399291200532225,0.7686608626493466,0.3016488382370757,0.4209188382091434,0.818875672009235,0.4062271243530831,0.5092531594598718,0.6155072514036757,0.0,0.6489101645445201,0.07626190421696143,0.10992186660159815,0.5945897141542301,0.6481607477000104,0.2554236932406676,0.6451315680875169,0.8023667765508388,0.3720927772251126,0.7232490727332298,0.6634187678642398,0.0010340432284672442,0.9102700891126501,0.0,0.09405356889952887,0.8536916847368013,0.39631416998517494,0.2457640913985008,0.8897969392068149,0.7612657231461558,0.3488534235191938,0.952051241649597,1.0
Right,rock,26,1.0,1.0,0.9974705017491522,0.9898601466423556,0.43992128785269424,0.879156349734752,0.8090372646711631,0.036146040959678376,0.7514270461911978,0.5409341938272768,0.0,0.6653298678194347,0.3733831100815234,0.19531623198062123,0.5692563268840564,0.1727353149817944,0.10648217683694615,0.6229114797108372,0.21664696933589744,0.06544288287474379,0.4802049957824457,0.3918592294348783,0.16111936126842874,0.21196170169683803,0.49551060192087076,0.25085967894026573,0.0,0.029812014032443098,0.41232686433165255,0.5932542748765303,0.16448876074462837,0.3507021417157441,0.776427261845302,0.33256148892423476,0.4183900712023083,0.7038383169606254,0.42651567842872107,0.515491725060841,0.515811727257054,0.0,0.7152681238389393,0.6028043186175187,0.13135117685201092,0.648794190885427,0.7678720257843028,0.28710083463109415,0.6780413436400697,0.8079428270100414,0.395115177428383,0.7526151743920136,0.7117079998369721,0.023096448107116533,0.9981750526535705,0.5990642616038282,0.13653540808805192,0.9145527128587642,0.7112625050358963,0.2943356203481509,0.928068164493707,0.8886777131937584,0.38742317348245114,0.9846302392420144,1.0
Right,rock,27,1.0,0.9445674517204141,0.8131458722066334,0.9723562124172992,0.4158086955364805,0.7064615917019086,0.7714683773650624,0.020311907523166882,0.6010917785064875,0.5072739846914598,0.0,0.5435458858600644,0.3515448363399494,0.2051131235766697,0.4753472950516511,0.1550322095572044,0.09166967871263308,0.5191389350703396,0.19910680645631237,0.06609851718640167,0.42617009287718444,0.37668821784946993,0.15733135683985747,0.19116200768475536,0.4813241502186097,0.24071051762102327,0.0,0.021838531907304795,0.4042136120824805,0.496803038546057,0.15017339743428731,0.34766069357624835,0.7082783146052871,0.32029377929378433,0.40517986903698056,0.6498230289387513,0.41580520543953864,0.4994234611401721,0.47931034006066753,0.0,0.7123315009745724,0.5107585779260612,0.12015981700751696,0.6520510369938377,0.7133690995385821,0.2703921578477619,0.6750211212793841,0.7679889195517803,0.3771225905626918,0.7506901835389286,0.6850911908580878,0.029572174693519408,1.0,0.5104863485900313,0.1050204041307271,0.9238347817024306,0.6757314825508682,0.2540370372230958,0.9348993385325312,0.8782746170870376,0.3478729300733611,0.9970042153860482,1.0
Right,rock,28,1.0,0.9068774132815944,0.7894755691764125,0.9593422861372528,0.3955305971627369,0.7090870163430988,0.7428272942285067,0.02372124028564309,0.6276392131072892,0.4753511229375334,0.0,0.5832716545124893,0.32074660388192794,0.1964073118838345,0.5269587633163249,0.11721476155228931,0.11395268104537022,0.5720055834824437,0.1793414027249255,0.09565327120120459,0.48495124610223234,0.3600356978890461,0.173084868711092,0.21946766609993063,0.4653444705750077,0.24777280597695175,0.0,0.0024554847189744923,0.41715029912445667,0.5242014708817673,0.13600969344253738,0.3686077987464247,0.7905608708379732,0.3082894861886514,0.41671582857155026,0.7322350023443382,0.41214464404506473,0.5023831987681482,0.5371450397435515,0.0,0.7179620562383795,0.5120868289589442,0.12046899825057589,0.6589241103470014,0.7257330692355465,0.2711272742848041,0.6769812602627695,0.776834537767226,0.3826788274173708,0.7463565171647815,0.6785878555711355,0.04919067384283024,1.0,0.48847865339450874,0.11246642029278427,0.9277543622760294,0.6480706019990262,0.2607227517490895,0.937688084219135,0.8671419812757665,0.35952940893022783,0.9976050875649842,1.0
Right,rock,29,1.0,0.8473427075420132,0.9120564366700975,0.9434619548343538,0.35663743158762506,0.8621133048755021,0.7216873625227315,0.018695980732526405,0.7741970637942253,0.47020765946541776,0.0,0.7187923033190567,0.3330807885835755,0.19760510639823095,0.6455556955494127,0.09864752758580471,0.14810476439858342,0.6410239687178068,0.15368640315932824,0.12236817083454883,0.5161626709612456,0.33742946461279666,0.1875009334051516,0.22965950373934596,0.44935826144952584,0.2584053756171675,0.0,0.0,0.4420283217524719,0.586469926965411,0.13168281211754831,0.39399703500742245,0.8071957530353048,0.30778842094369163,0.4305880103983823,0.7284221637499331,0.4168782249148647,0.5060708671060059,0.5247478070687569,0.00976875070843402,0.7310205130094276,0.572556378305519,0.13123269983588973,0.67731959891954,0.7734050712127618,0.2794270760607619,0.6793292824379448,0.8065187367397009,0.39313759472481546,0.733543942723273,0.6937227010806206,0.06996289037794647,1.0,0.5510407993057755,0.15398406865362216,0.934165316755394,0.7041164177661546,0.2988439999540031,0.9241507506568684,0.8938380572068922,0.39683048672908006,0.9630481079504215,1.0
Right,rock,30,1.0,0.8391105034387629,0.7451725663202489,0.9230561025678611,0.3719226284414901,0.7164781674118019,0.7024210196737986,0.035674892061391066,0.6300272653407457,0.4389498906725455,0.0,0.5721159298397783,0.28989101971880243,0.18415672128445126,0.5040923684098019,0.09369790390885029,0.17175535693073748,0.5401975525163605,0.14461569519209935,0.14648281345832637,0.4440893746433498,0.31591841169485524,0.21391262608999206,0.1937686586600211,0.42113925572466326,0.2771596812629242,0.0,0.0,0.45802139620802756,0.49188113240754305,0.10956115361841408,0.41575697631289954,0.732829310596692,0.2705615014346617,0.45351912592150845,0.6921086194058232,0.3962713583928189,0.5115065829824268,0.5305899385471619,0.0023492062267466193,0.7412741240669765,0.4818208465230034,0.11278825834067863,0.6904628572398261,0.7144718850639804,0.25131941939760283,0.703570155853412,0.7783933578909881,0.3828164629594984,0.746112391909877,0.6997274738965737,0.05198213471739769,1.0,0.4625510263728334,0.11123626495497355,0.9455882745095188,0.6626889443769438,0.2486172536146209,0.9461919064831044,0.8709462497983027,0.35765475412091535,0.9768743500047272,1.0
Right,rock,31,1.0,0.823310483101787,0.9999589962572374,0.9367986606181989,0.3668754168577617,0.8956167193665578,0.7157309998209119,0.039328373656077636,0.7682078060023592,0.43233838120790813,0.0,0.6728762457962102,0.29595080170675886,0.165460569483509,0.582300485037975,0.08483123822167163,0.22836432116954222,0.7078885633601484,0.08741306423019228,0.14114922188805956,0.5299106990299378,0.2679236788966859,0.19342741297227534,0.22935577029495954,0.38412819421693317,0.2633413649619862,0.0,0.0,0.5057260867388836,0.6394169417276965,0.05942570226357496,0.3881689284652915,0.7726833674224834,0.22991855599131833,0.40799185382706427,0.6867253890557675,0.34817979130486215,0.4762625012232337,0.5058594351205297,0.01362055339864846,0.7641560273517317,0.5994551689592852,0.09425225790657517,0.6522115389385172,0.735133240559095,0.24009667471193927,0.6510985653554052,0.8048226651531978,0.36416989381225984,0.6991810083775163,0.7396378158843836,0.07132832434332996,1.0,0.5433969961833442,0.11577700410259611,0.8925773049894858,0.6580415486495942,0.26048938697651647,0.8840726174676423,0.8651913554841385,0.3653755345943983,0.9208323130323885,1.0
Right,rock,32,1.0,0.8128165699915769,1.0,0.9149060837112117,0.3534188037902778,0.9081876030631302,0.6876239446414691,0.03714739959510334,0.7786131203662878,0.4085152446795455,0.0,0.6794845650627516,0.2940701673783683,0.17629303113566647,0.5831770629600649,0.07028223662058701,0.25533567393388656,0.7084696714993172,0.09399999370639714,0.13686167711360314,0.5495648539841295,0.28437204003990146,0.18840472628620752,0.24680697187114717,0.38869133968777436,0.2707161837837932,0.0,0.0,0.5297296545513497,0.6308784803002041,0.06763042705242256,0.37999438464487223,0.7323649629667439,0.24200822573894765,0.3980130683047973,0.6107986407670652,0.3544670419751843,0.47914756127560704,0.4084314270583988,0.026774874678632904,0.7770508433029066,0.5905036984839643,0.09990339319598594,0.635031471196966,0.713642189842177,0.24617710827829054,0.6333377375334335,0.7699154931091173,0.3634118250504275,0.6914788289811433,0.6974947314541593,0.09363653814080677,1.0,0.5374425107004013,0.1279492609736833,0.8692143805246272,0.6414818970340526,0.27231223822545575,0.8587360061612441,0.8443151630745839,0.3757346994647291,0.9041734431949459,0.9735970970017749
Right,rock,33,1.0,0.8093832487331777,0.927069608620352,0.9129977725389806,0.346980685701629,0.8101349248783934,0.6716526210791312,0.031135793059967717,0.7005061128901884,0.38073458714472497,0.0,0.6398942118164701,0.26850030124472823,0.17190065636698648,0.5885612362442451,0.07051876592159637,0.26626507389905707,0.5894700210505303,0.06620134147652416,0.12111789055666931,0.493578659147298,0.25440648538650573,0.16170590887250855,0.23443882978218,0.35571908741597025,0.2418494777055845,0.0,0.0,0.5433091464961932,0.5395996258085958,0.04232675928171257,0.35981153974608615,0.7183598138154293,0.21170692012889775,0.3699587623292264,0.6252695563556071,0.32192311634546394,0.4525256656321642,0.41354631652961027,0.028172944473471715,0.7851416198757027,0.5383522275998338,0.08305354656293515,0.6141871016518613,0.7359373949604965,0.22574636193866607,0.611399700200651,0.807286070206024,0.3433361791168655,0.673993060490928,0.711365540361117,0.09553832807925862,1.0,0.5236618900665507,0.11403425440054799,0.8441448873223593,0.6621665816987223,0.24944594719592408,0.830591131415536,0.8746071175822988,0.34937263597887036,0.8792326601654913,1.0
Right,rock,34,1.0,0.8149932523733704,0.9057343306702805,0.9327586195898115,0.36136682559920397,0.8060271718736438,0.7046090859971894,0.05317970528863114,0.707347176178932,0.404916111738743,0.0,0.6564003359719784,0.278103253273591,0.1524608251952998,0.6145183847991814,0.07980627970663827,0.2611153822484981,0.5497226533245182,0.05916449192757688,0.1301797893631055,0.45816210181672035,0.25133689839572193,0.17426341659595454,0.21648815381699907,0.3642420585077643,0.25867115526128526,0.0,0.0,0.5340588295966419,0.5090383877795676,0.04031235866322281,0.36982107738405307,0.6976530616281031,0.21512693438018501,0.3854394278081958,0.6198737927996789,0.3331873584240068,0.46828312122585786,0.41762390992647724,0.023393090549310068,0.778144797046819,0.5201016534229533,0.08564059807823447,0.6242976097713607,0.7403283975269226,0.23012800925733962,0.6259691316666941,0.8188431284266362,0.3545506216107082,0.6891164292790657,0.7204590489371505,0.08843464077095166,1.0,0.5180152544450058,0.12481811611352489,0.8581247578525125,0.6745519041751166,0.26519133132306855,0.8483534837601918,0.8803766249222866,0.373601144664431,0.8962690001811502,1.0
